385DS001 - ncRNA Sequence Extraction - OP-B10_V2 - 29-Mar-14,,,,,,
S. No.,PMID,ncRNA name,Sequence(s) (RNA or DNA),In Rfam?,Full or partial?,Where sequence came from
184,22665269,NRG1,TGTGTGTGTGTGTGTGTGTGTGTGTGTGTGTGTGTGTGTATGCATATGTGTGTATATATTATAAACATATTTTGAAAATATGTTTATTGTGTTTTGAAATTAAAATATTATTACATCGTTTTACTATCCCTTTTCTTCCTTTCACACTCCCTGTGTACCCCCCTGCTCTCTCTCAAACTCAGTCTTTGGTTTCTATTTATTTTAATAGCTATTATGTATATGTAAATATGAATGTATATTTCTAAATATGTAAATACAACTTTCTCAGTCCATATATTATTACTTGTATGTATATGATTCCAGGGCTGACCACTTGGTATTGCAGAATCCAATTTGGGAGCTTTTCCCTGGGGAAGACTATTTTCCCCCACTCTCAGTGTTCCAGTTACCTGTAGTTCTTCGTTTAGAGTTGAGCCCCATGAGATGCTACTCTTTTGTGTTAGCATGTCTATTGGTAGTGTTCTTGTTTAGGCAGCCATGTTGGTGAGCTTCCAAGGGCATAGCTTCTCTGACATTTCCAGGCACCGATCTCATAGCACACTTCCCTTTCCTCTGACTCTTATCCCCCTCTTCCACCATAATATCTGGGCCTTAGATGAGAAGTTGTGCTATAGATTTGTTGTTTTCCCGTCCATTTCAGTGGCTTCTGACCTCATCTTAATTATTTCTTCCTATATGCTTATTTTGTTTGGCTTTTTCTTGTCCTCCTCGACCCCAAGGCCACGATGAACTTTGTAACTTATTTATTTGAAATCTGAGTTTTTATTGCTGGCACTTGCAGTTCTACACTTTCCTCTTAGGATTGTTCTCCTAGATTTTGATATGGTATATTCTCACTTTTATTTGATATCCCTCTCGGTTTTATTGATGACTTTTGTGTTAGGTAGTAATGAATCGCTCACTCTCCATGGTTCTGTATTCTTTAGGTAGCTTCTCTTGGTGTTGATTTTCATTTGTACTTGATTATAGTCAGATAGAATAAAATAAATTATATCAATTTTCCAAATTTGTGCCATATTTATGATGCATCTTAGGGAATGTCCCATAAATTCCTCAGGAGATCTATATTTGGCACTGTTGGGTAGAATGCCCTGTAGAGGGGCTGGGGATTTAGCTCAGTGGTAGAGCGCTTGCCTAGGAAGCGCAAGGCCCTGGGTTCGGTCCCCAGCTCCGAAAAAAAGAACCAAAAAAAAAAAAAAAAAAAAAAA,Yes (RF00005),Partial (1105 - 1173),The sequence of NRG1 is presented in Figure 4 and the GenBank accession HQ876091 is also given in the article.
192,23093789,-,,,,Review article; Relavant back citations given PMID: 19429783; PMID: 17237763; PMID: 21925379; PMID: 22541069; PMID: 23093777; PMID: 23093776; PMID: 21874018; PMID: 22541069
193,21558391,SPRY4-IT1,"GTAGAGATGGGGGTTTCATCCTGTTGGTCAGGCTGGTCTTGAACTCCTGACCTCAAGTGATCTGCCTACC
TTGGCCTCCCAAAAGGCTGAGATTACAGGCATGAGCCACTGCGCCAGGCCTTCTTTCTTTTCTTTTTTTC
TTTCTTTTTTTTTTTTGAGACATCATTTAGCTGTGCTGAGGGGTTCTTAAATAGGCAGCTCAGAAAATTG
TTTTCCTTTGTCAGCCACATAAATTCAGCAGAGGCTCTTGGAGGGTCCCTGCTGGTGAGGGGTGAGGCCA
GCAGTGGAACTCTGATTTGGTTTTTGCTGAGCTGGTGGTTGAAAGGAATCCTACTACATCGGGGTTATAA
TAGGGAAGATACATTTTAGAATATGCCCAGTGGAGCCATCGGATGCTGCATCGTCCCCAGAGAGCCAAGT
CATCGTGGGCCAAGCTCCCATCCCCATGTCTGGCCTCAACTGCAGGCCCAGAATGTTGACAGCTGCCTCT
TGGAGGGTTATGGGAGCCTGTGAATGCCAACATCCCCATTTGCCTGCAGCGGCTGCTCCCATCCTGGCTT
CCTGGTGGGACTTTTCCATGAATTGGGGAATCTGCTTTCTGATTCCAAGGCCTATTAAAATTTCTGAGCA
TTGCCCATTTCTTTTGCTTTATCTGTAGGACATGGGCTGTTTTTAAAGAACCTCACAAATG","Yes (RF02038, RF02039)","Partial (496-404), (277-157)",Sequence presented in Figure:1D ( computational prediction of secondary structure) ; Accession ID:AK024556 given in the article.
194,21771634,-,-,-,-,Review article; Relavant back citations given PMID: 19182780; PMID: 20393465; PMID: 19026778; PMID: 11016957; PMID: 19745116; PMID: 19305135; PMID: 19169243; PMID: 19169244; PMID: 17237360; PMID: 21697827; PMID: 21149693; PMID: 19061643; PMID: 19805129; PMID: 19407817; PMID: 20195295; PMID: 19169241; PMID: 17496106
195,21712066,-,-,-,-,Review article; Relavant back citations given PMID: 19165215;  PMID: 21037258;  PMID: 12202040;  PMID: 21554756;  PMID: 11896390;   PMID: 15723116;  PMID: 15014042; PMID:  19167326;  PMID: 18852696; PMID:  15364901;  PMID:  PMID: 15701730;  PMID: 17255951; PMID:  16751099;  PMID: 20660014;  PMID: 17989254;  PMID: 19965479;  PMID: 14567918;  PMID: 18376413;  PMID: 17726050;  PMID: 21177881;  PMID: 19917251; PMID:  19917635;  PMID: 20596726; PMID:   17589500;  PMID: 17599402;  PMID: 17964270; PMID:  18923076;  PMID: 18469162; PMID:  19633723;  PMID: 18687877;  PMID: 19047376; PMID:  19114655;  PMID: 20713509;  PMID: 20620959;  PMID: 20413612;  PMID: 12844358; PMID:  15652478;  PMID: 20037610; PMID:   21085120;  PMID: 21228487;  PMID: 15965474; PMID: 17105718;  PMID: 19405940;  PMID: 16778182;  PMID: 17599088;  PMID: 21177960;  PMID: 17400653;  PMID: 12672692;  PMID: 20118916;  PMID: 15143321;  PMID: 17230196; PMID: 16377567; PMID: 15652477; PMID: 18282110; PMID: 21177969; PMID: 20424607; PMID: 20448148; PMID: 20699384; PMID: 18500351; PMID: 18463631; PMID: 18463636; PMID: 18403677; PMID: 18404147; PMID:18404146; PMID: 20022248.
196,21843590,-,-,-,-,Review article; Relavant back citations given PMID: 20951849; PMID: 20573698; PMID: 19617707; PMID: 18951091; PMID: 20673990; PMID: 20810645; PMID: 17318225; PMID: 19026782; PMID: 20458185; PMID: 20460453; PMID: 19246988; PMID: 16885020; PMID: 17640892; PMID: 18719372; PMID: 19056940; PMID: 19169241; PMID: 19377478; PMID: 19597344; PMID: 20622877; PMID: 19165215; PMID: 21245828; PMID: 21292970; PMID: 21159814; PMID: 20661255; PMID: 19239886; PMID: 18719707; PMID: 20471939; PMID: 17183358; PMID: 14744438; PMID: 11641272; PMID: 11486053; PMID: 17124291; PMID: 17158288; PMID: 21074719; PMID: 18463630; PMID: 18463631; PMID: 18463636; PMID: 18403677; PMID: 18923076; PMID: 17560368; PMID: 20484662; PMID: 19239887; PMID: 19148191; PMID: 17599402; PMID: 17589500; PMID: 17964270; PMID: 19043559; PMID: 21247878; PMID: 20846955; PMID: 19474147; PMID: 20668672; PMID: 20424607; PMID: 20448148; PMID: 19850906; PMID: 19933153; PMID: 18402656; PMID: 19114655; PMID: 19749744; PMID: 19151725; PMID: 17989254; PMID: 19584066; PMID: 19444217
197,23180440,-,-,-,-,Review article; Relavant back citations given PMID: 20661255; PMID: 19474147; PMID: 19933153; PMID: 11606788; PMID: 8674114; PMID: 18555733; PMID: 17381322; PMID:  22522792; PMID: 17318225; PMID: 16381836; PMID: 21723502; PMID: 19043559; PMID: 19680535; PMID: 18402656; PMID: 19763159; PMID: 21247878; PMID: 22199253; PMID: 20846955; PMID: 19026782; PMID: 21880592; PMID: 20150415; PMID: 20053671; PMID: 17318225; PMID: 11868985; PMID: 15574333; PMID: 20484469; PMID: 22495932; PMID: 19043559; PMID: 22028939; PMID: 22568619; PMID: 22033329; PMID: 15708007; PMID: 10094313; PMID: 14656304; PMID: 21664409; PMID: 19628621; PMID: 20219969; PMID: 18500341; PMID: 20588305; PMID: 21986946; PMID: 21407217; PMID: 19683667; PMID: 18202102; PMID: 22498252; PMID: 22065625; PMID:  22221002; PMID:  18032451; PMID: 22663078; PMID: 19188922; PMID: 19151725; PMID: 18839199; PMID: 19460867; PMID: 22871084.
198,21843589,-,-,-,-,Review article; Relavant back citations given PMID:20544733; PMID: 19633414; PMID: 19305164; PMID: 21307942; PMID: 18676813; PMID:21151833; PMID: 12730694; PMID: 18185590; PMID: 19182780; PMID: 16083503; PMID: 20624288; PMID: 19571010; PMID: 16874305; PMID:17948025; PMID: 11896592; PMID: 18794369; PMID: 18988810; PMID: 17604720; PMID:19229135; PMID: 21351337; PMID: 14970398; PMID: 20393566; PMID: 20956613; PMID: 17451645; PMID: 21112873; PMID: 20026622; PMID: 16713901; PMID: 20581457.
199,21820484,-,-,-,-,Review article; Relavant back citations given PMID:19571179; PMID:19188922; PMID: 19239885; PMID: 16290135; PMID:16776580; PMID: 21118898; PMID: 20080624; PMID: 17435244; PMID: 21254562; PMID: 18988810; PMID: 18951091.
200,21816203,-,-,-,-,Review article; Relavant back citations given PMID: 12694612; PMID: 15487940; PMID: 14622403; PMID: 16859494; PMID: 14739933; PMID: 17383928; PMID: 7556100; PMID: 17576690; PMID: 15522088; PMID: 18042713; PMID: 19620214; PMID: 16549791; PMID: 18650387; PMID: 17576690; PMID: 20444087; PMID:  21375594; PMID: 18832323; PMID: 17268550; PMID: 17974919; PMID: 21278294; PMID: 20444087.
201,21824505,-,-,-,-,Review article; Relevant back citations given PMID: 10521525; PMID: 17452360; PMID: 8220464; PMID: 7957074; PMID: 15037734; PMID: 15125775; PMID: 17944812; PMID: 18997003; PMID: 18353984; PMID: 16651366; PMID: 18037407; PMID: 19188922; PMID: 16600909; PMID: 16500993; PMID: 18621982; PMID: 19453461
202,21111023,-,-,-,-,Review article; Relavant back citations given PMID: 11713189; PMID: 17270048; PMID: 20797886; PMID:  19542185; PMID: 19229135; PMID: 19815087; PMID: 19447594; PMID: 19633414; PMID: 16141075; PMID: 17317145; PMID: 17506659: PMID:19246991; PMID: 19026782; PMID: 17397189; PMID: 11737633; PMID: 15102450; PMID: 19914241; PMID: 16000384; PMID: 15148580 ; PMID: 20345651; PMID:19531735; PMID: 17383223; PMID: 20596090; PMID:12457565; PMID: 7797080; PMID:19043537; PMID: 822353; PMID:18794369; PMID:17241883; PMID: 18954468; PMID: 19397524; PMID:11675008; PMID: 7493315; PMID: 16874305; PMID: 16628248; PMID: 17011493; PMID:19483093;PMID: 20603381; PMID:15608161; PMID:21029862.   
206,21771633,-,-,-,-,Review article; Relevant back citations given PMID: 10199399; PMID: 14505360; PMID: 17710122; PMID: 17011493; PMID: 20855289; PMID: 21152033; PMID: 17495528; PMID: 21111023; PMID: 19483093; PMID: 16848684
207,21664409,-,-,-,-,Review article; Relevant back citations given PMID: 16256421; PMID:10775111; PMID:15193314; PMID:19446021; PMID:18402656; PMID:19026782; PMID:19043559; PMID:20846955; PMID:21247878; PMID:19628621; PMID:19763159; PMID:20596726; PMID:18048652; PMID:18555733; PMID:17175533; PMID:17154719; PMID:17435244; PMID:14602913; PMID:19845626; PMID:20333211; PMID:21217645; PMID:20219969; PMID:20305651; PMID:19372139; PMID:17604727
208,21664408,tmRNA,GGGGCUAUUCUGGAUUCGACGGGAUUUGCGAAACCCAAGGUGCAUGCCGAGGGCGGUUGGCCUCGUAAAAAGCCGCAAAAAAUAGUCGCAAACGACGAAAACUACGCUUUAGCAGCUUAAUAACCUGCUUAGAGCCCUCUCUCCUAGCCUCCGCUCUUAGGACGGGAUCAAGAGAGGUCAAACCCAAAAGAGAUCGCGUGGAAGCCCUGCCUGGGGUUGAAGCGUUAAAACUUAAUCAGGCUAGUUGUUAGUGGCGUGUCCGUCCGCAGCUGGCAGCGAAUGUAAAGACUGACUAAGCAUGUAGUACCGAGGAUGUAGGAAUUUCGGCGGTUCAACUCCGCCAGCUCCACCA,Yes (RF00023),Full (1-352),Sequence presented in Figure 1
212,24205037,IesR-1,"TAAACGTTAATCAAACCAAAACGACAATTTTTAACCAGTATGAATAAATATCTGAGACCAGTCGAACTGGAAAATAGAATGCTGGCAGTCGGTTTGCCGATATGACGAAGTTGACTTGCAGTTATTGTGAGCCCGGTGGAATGGATTGCGAGCCGGGCAGGATAAATGCGAGCCCATTGTCACTTAATGTGAGCCGGTGGCATTTTTCATTTGCAGTTAATGTGAGCCGAAATTTGCGCTGATTGCGAGTCGGGGGGATTTCGATTGCGAGCCGCTACAACTAGGAACTCTGTGTGTTCCGAACTTCATAAGTCTGGAGCGTTCATCTCATTCTTTGAGTGTCCGTTTGGTAATTCCGGTTGTCGCGTCACAGTTATGATACGGAGAAATCAGGTGTGGCTCTCAGTCTGGTCTGGCTTGAACGTGGCCATCCCAGAGCCAGTGCTGTTGCTGATGTACTTTCAGCCGCAGGCTTTCCTGATTTCGGGAAGTAGCTCCAGCAACTGGCCAAAGAACCTTCGCAACGTTGAATAAGCCTGATTTATTTTCACTGACTTATGTGATTAATGCTAATGTACGCATACATTAGCATTAATC
",No,-,"No sequence or sequence coordinates mentioned in the article. An email requesting the sequence of lesR-1 was sent to the author. Sequence was obtained from the author
"
214,24244498,Sm19,ACGGGGCGGCTAACAATCTGGTCTGTTGTTTGAGAACTCAATAGTGTGTTTGGTGGTTTTTGTTTGTTGTTTTTTGTCCGCCTCTTTTTCCCGTTTAGGGGTGGATGTTTTTGATGCCAGTTTTGGTGTCGT,No,-,Sequence co-ordinates are given in Table 1; GenBank accession number given in the article - NC_008596. Sequence extracted from the complete genome.
,,Sm35,"ATCGGTTGAAGGTCCGGGATTTCCCGGCGGCCCACGCAGGAGGACGAGGCTAGAGCCCAGTTGTGCTGGT
TTTTT
",No, -,Sequence co-ordinates are given in Table 1; GenBank accession number given in the article - NC_008596. Sequence extracted from the complete genome.
,,Sm46,"GGGCCTGCCAGCGCCAGACTCGCGGGCACGGTAAAGTGTCGGCAGGACAAAAATGACACTCAGATCGGAG
CCGCCTAATAATTGGGCCGCTCCGTTATTG",No, -,Sequence co-ordinates are given in Table 1; GenBank accession number given in the article - NC_008596. Sequence extracted from the complete genome.
,,Sm49,"GACACGCCGGAGAAGTTGGCCGGAGCAAGCTTACGACCTGGGAATTTCAGAAATGTTATTCAGAACATCT
TGTATGGCTTCTTCTGTGGGGCCACTAGGTGTAGTGTCTGAGAGACCGACAGGCCACCACAGTTCGGGAG
CCCGCCGGAGCGCAGCGAACCCGGCCGAGTCGGTTTCCGAACCGGCCGGATGGCTGGCCCGGATGGCAGG
AATTTTGGCGGCCCGCGGGTCGCTGAACT",No, -,Sequence co-ordinates are given in Table 1; GenBank accession number given in the article - NC_008596. Sequence extracted from the complete genome.
,,Sm64,"CACTTCCTTGTTGTTCGCGGGTACGCGCGTTGGCGCAGCCGAAGCTATCTTTCGGGTGTATCGGGGTGTA
TCTCGCAGCAGGCAGGCACTACTCAGCCCGGTCCTGCGCAGACAACTGCTC",No, -,Sequence co-ordinates are given in Table 1; GenBank accession number given in the article - NC_008596. Sequence extracted from the complete genome.
,,Sm76,"CGAAGTATCGAGCCAACGGACCGAGCCGGAGTCCTGAGGGCTGCAGAGACCCCCGGTCCACTCGAAGGGC
GGGTCCCGCGTCAAGCGGGACCCGCCCG",No, -,Sequence co-ordinates are given in Table 1; GenBank accession number given in the article - NC_008596. Sequence extracted from the complete genome.
,,Sm82,"AGTCACCTCGGATTGCCGTTAGCAATCACCCTGCTCTGTGAAGTCCGGACTTTCCTCGACATCAGGCTGA
TGCCGCGGCCGCCCGGCCAACTCGTTCGCGC                                                                                                                           
",Yes (RF00010),Partial (94 - 1),Sequence co-ordinates are given in Table 1; GenBank accession number given in the article - NC_008596. Sequence extracted from the complete genome.
,,Sm38,"GGTCGCGGTGTTCCGCTGCGACATGATCCTGGCCGACACCACATGGGCGGGCCAGCTCAACGTGCCGGAC
ATGTTCACGCGGCTGATGCTGAGCCTCGTCGCAACGGGCATCGCGCCCGGTTCGTTCTACGAACTCGACG
CGCACGGAAACCGGCAGCGCGCACACTACGACGGCCTGCCGGTCGGGTTCATCGCCGAGGCGATCGCGAC
CCTGGGAGCCGCTGCGGCCGACGGATTTTCGACATACCACGTGATGAACCCGCACGATGACGGTATCGGT
CTGGACGAATTCGTCGACTGGCTCGACGAGGCGGGGTACCCGATCGAGCGCATACCGGACTACGCCGCGT
GGCTGCAACGGTTCGACACGGCGCTGCATGCGCTGCCGGACGCGCAACGCCAGGCGTCGCTGCTGCCGCT
ACTGCACAACTACCAGCACCCCGAGAAGCCGATCCGTGGGTCGCAGGCACCCACGGATCGGTTTCGG
",No, -,Sequence co-ordinates are given in Table 1; GenBank accession number given in the article - NC_008596. Sequence extracted from the complete genome.
,,Sm41,"ACGCCACCAGGGTGCGTTCCGGCTCGGAGCGTGCCGTGGTCGAAGGCCGATTCACCACAACGGAATTGGG
CGATGACGTGGCCGCGCGGGTCCAGGAGATCCTGGACACCTCCGGTGCCG",No, -,Sequence co-ordinates are given in Table 1; GenBank accession number given in the article - NC_008596. Sequence extracted from the complete genome.
,,Sm90,"CGCTCACTTACCTGCGTCTACCCGGGGACACCCCGCAACCGGCAGACGCGAACGTCGCGGTGCCGCTGGA
GG",No, -,Sequence co-ordinates are given in Table 1; GenBank accession number given in the article - NC_008596. Sequence extracted from the complete genome.
,,Sm93,"CGTGGGCCAGATCGCGGCGGCCACCGAGCGGATCCGCGTCGGCACTGCCGCAGTGCAGCTCGGACACACA
CCGCCGTTGCGGTGGTGGAGAGCTTCGGGATGCTCGA",No, -,Sequence co-ordinates are given in Table 1; GenBank accession number given in the article - NC_008596. Sequence extracted from the complete genome.
,,Sm42,"CCGTGCTCGACCGTGGTGTCCACCTCGATCCCGCACCCGACACCGCAGAACGAGCATGCGGTGCGGTGCG
TGCGCGTGGTTGTCCCACCGTTGGCCATGTGGCCATGGTGGGCGCCGGGTG",No, -,Sequence co-ordinates are given in Table 1; GenBank accession number given in the article - NC_008596. Sequence extracted from the complete genome.
,,Sm67,"TCTGCTGTTGTGAAGGCGTGCCGGAGACACACGGGGCCTCGTCGGCGGGGTTGCACATGCCGGGTGCGGC
CAGTTTTTCGT",No, -,Sequence co-ordinates are given in Table 1; GenBank accession number given in the article - NC_008596. Sequence extracted from the complete genome.
,,Sm68,"CGCTCGTCGTGGTCGATCTGCTGTTGTGAAGGCGTGCCGGAGACACACGGGGCCTCGTCGGCGGGGTTGC
ACATGCCGGGTGCGGCCAGTTTTTCGTCGATGGGGTCGAAGGTGGCTTTGAATTCGGCGCTGACCTTGCC
GCGCAGGTGGTAGGAACCGTCGGGTTGTTGGGGGCCGAAGGTGATGCCGAACGGTTTGGTGGGTGGGTTG
TCGGTGGGGGCGGGCCCGTCTTGTCGAGCAGGAACACCGCGTGGTCGACGGCTTGGCGCACGGTTTCGGG
GTCGGCCCCGATGGCGCCGGTGACCAGTTTTTC",No, -,Sequence co-ordinates are given in Table 1; GenBank accession number given in the article - NC_008596. Sequence extracted from the complete genome.
,,Sm74,GGAAAAGCTCGCCGACCGGTGCGGCGCAGCGACCCC,No, -,Sequence co-ordinates are given in Table 1; GenBank accession number given in the article - NC_008596. Sequence extracted from the complete genome.
,,Sm11,"GCGCCGACGCGGCCACATCCCATGACAACTACACGCACCAGTGCATCCTTTCGGCGGCGGAGAGACGACG
CTATCGCAACCCGTGCACCCGGAACGCTACAGCTTTTCCACGGTCGCCTGGCTTCAGGCTTACTCTTGGC    
",No, -,Sequence co-ordinates are given in Table 1; GenBank accession number given in the article - NC_008596. Sequence extracted from the complete genome.
,,Sm47,"GCGGATTTTGGCCCTTGCTGTGACTCGGGACACGTAGTACAAAGGAGGCACGGAAGCTTGGCGAGGCCAA
GACCCAGCCGGAAGAGAAGGCTAGATCTCCCGACCCAAGCTCCTAGCACGGATACCGAGCACCCACGCGG
AGCACATGCCGCGGAATAGGCAAAAGTGTTGCGGACCTGCGTAGTTTCGAAAAGCGGACGGCCACGACGG
CCCTTTGGGTGGGGTTGCAGCCGTAGCGCATCGCAAAGACGCCGAGGTCACCCACGCAACCCACATCGCA
CGCTTGGTCACTCGGGGTCCGTGCTAGCGGGCGGCGAACCGGACATTGTCCGGGACGCCGCCCGATTTCT
",No, -,Sequence co-ordinates are given in Table 1; GenBank accession number given in the article - NC_008596. Sequence extracted from the complete genome.
,,Bo35,"AAGCTAACCGGCGTCAAAGCGCGGTCGTTTGCAACGAACCCGGAAATGTTGTCCACCATTCGGGGGACAG
CCCGTTGGGCCCATCAGCCGCCGTTCGGCGGATTGATTCTGGC",No, -,Sequence co-ordinates are given in Table 2; GenBank accession number given in the article - NC_008769. Sequence extracted from the complete genome.
,,Bo48,CGTCGGCTGAATCATCATCGGGATCGACGTCGCGGCGCCTGAGGTGCTGCCAAGCAGACGC,No, -,Sequence co-ordinates are given in Table 2; GenBank accession number given in the article - NC_008769. Sequence extracted from the complete genome.
,,Bo53,"ATCGCCGCGCATTAGCGCCCGCAGTTCGGGCAATCCGAGGGCGTTGCGGCGTAGTGCATCCAGGCGGCCA
TTGATGGCTTCGGTAGGGCTGGTCTTGCCGCGGCGCCGGTCGGGGTGGGCGT",No, -,Sequence co-ordinates are given in Table 2; GenBank accession number given in the article - NC_008769. Sequence extracted from the complete genome.
,,Bo60,"CCGACACCCAAAGCCTGGCGTTACCACCGGCTCCACCCGATGTTCAAGCAAGCGTGTGCGATCTGCATGG
GCCGCAGCAGCGAACGTTTCGCGCCGCGGTC",No, -,Sequence co-ordinates are given in Table 2; GenBank accession number given in the article - NC_008769. Sequence extracted from the complete genome.
,,Bo71,"TGGATTTCGGCTTTCCGGACCTGCTCAACCGGTCGACGACGGCCGACGACTGGTGGCGGCAGGTGGCGTC
GCAACTCGCAGTGCCGGGGATCACTCGCGGTTGGGCGACCTATCGCGCGTGTCGCGCCATGGTTGCGTCA
ACGCAACCCTGCCAATTTTCG",No, -,Sequence co-ordinates are given in Table 2; GenBank accession number given in the article - NC_008769. Sequence extracted from the complete genome.
,,Bo73,TCCGCGCAGCTGCTCTGTCAGGGCCGCTGACTTTTCT,No, -,Sequence co-ordinates are given in Table 2; GenBank accession number given in the article - NC_008769. Sequence extracted from the complete genome.
,,Bo78,"ATGCCGGTTGCTGCTGGCACCAATCCATCGGGAAGGCCAATGGTGGCCGGCACTGGGTTTGGGGTTCACC
GCGATGGGTGAGTATGGGAAGTTTGGTACGTATGCGGCGTCTTGGTGCGACCGGCCAGGGGCAGCCCGTT
GGCGCCGTCGCCCAGCGTG
",No, -,Sequence co-ordinates are given in Table 2; GenBank accession number given in the article - NC_008769. Sequence extracted from the complete genome.
,,Bo86,"GGGCGGAAGCGTTTCACGACGCGATCGGCTTAGCGTATGCGCGGGCCGATACCACGGGTGCACGCGATCA
CCTGGAACTGGTGAGTTGGCTATCGTGGTTTGGTGATTACTTGCGCTTGGGGGCTTGCCGACGGTTGCGC
CGGGCGCAAGTGGGGTGCGGTTTTGC",No, -,Sequence co-ordinates are given in Table 2; GenBank accession number given in the article - NC_008769. Sequence extracted from the complete genome.
,,Bo101,"CGGGCTGCGGCACCTGATCACCTTAGGGCACTTGGGCCACCACAACGGGCCGCCGGTCTCG
",No, -,Sequence co-ordinates are given in Table 2; GenBank accession number given in the article - NC_008769. Sequence extracted from the complete genome.
,,Bo118,CTGCGCTGCCGTTGTTGCCGGTGAAGGTGTCACCGCTGACGGTGGTGGTAGCTGGACGCGC,No, -,Sequence co-ordinates are given in Table 2; GenBank accession number given in the article - NC_008769. Sequence extracted from the complete genome.
,,Bo132,"GCGGACCTCGGGCAGACACGCCGAGGTCTTCCTTTTGGGCAGCGTGGAACCGCCCATCATCGAAAGACCT
CGACCCCT",No, -,Sequence co-ordinates are given in Table 2; GenBank accession number given in the article - NC_008769. Sequence extracted from the complete genome.
,,Bo105,"GTTTCCGTCCCCTCTCGGGGTTTTGGGTCTGACGACTGACAGGGTGCGGTGGTCGCTGATCGGCTCCCCG
AGTTTCCGTCCCCTCTCGGGGTTTTGG",No, -,Sequence co-ordinates are given in Table 2; GenBank accession number given in the article - NC_008769. Sequence extracted from the complete genome.
,,Bo27,"CAAGCGGCGCGGGTGATCGCGCAGGCCGCCACCATGCAGGCCCGGCTCATCGGAACATACGAAGGCTGAT
CCACCCGCCATCCCACGATCCAGCGGCCCCG",No, -,Sequence co-ordinates are given in Table 2; GenBank accession number given in the article - NC_008769. Sequence extracted from the complete genome.
,,Bo46,"CCGACAGCGCCGTCGGCTCCAGCTGGGCCTGACAGGGTCGACGAACCCTAGGAAGAAGCCTAGGTCGACG
GCCACACGCGCCAGCGTACGGGTATCCCCGT",No, -,Sequence co-ordinates are given in Table 2; GenBank accession number given in the article - NC_008769. Sequence extracted from the complete genome.
,,Bo82,"GCGCTCTTGAAATGACGGGCTATCGTAAGTTTATGGCCTGGGGGAGCGTGAATCCCGCTGGCGGTCGGGT
GAACCGCCCCGGTTTTCTTGC",No, -,Sequence co-ordinates are given in Table 2; GenBank accession number given in the article - NC_008769. Sequence extracted from the complete genome.
,,Bo87,"GACAGTGCCGTGGAGCTGGTAGAGCAACTGACCGCTGAGCCTCGCTAAGCCTGGTTAGGCCGGGAAACGT
TGGTGTTGACCGGTAGGGTAGAGAAAGACAGCGGGCGTGTGACGCGCACCCGCGGCCTTTTGAAAGGCCA
TGAGGAAGCAGGAGGCGGCGATGGCGCAAGAGC",No, -,Sequence co-ordinates are given in Table 2; GenBank accession number given in the article - NC_008769. Sequence extracted from the complete genome.
,,Bo32,"TAGCGCGCTAACACGTGCCTGCTCCTTGCCTCGTCGGAGGGTCCATGTCAGCGTAGCGCCGCACGCTGGG
CATTTTCGCGAGCAGACGC",No, -,Sequence co-ordinates are given in Table 2; GenBank accession number given in the article - NC_008769. Sequence extracted from the complete genome.
,,Bo47,"TTAGCCGGCAAATCCGTGACCGGCGCACGATCCAAGGGGGCGGTCATCGGCGGTTCCTCCAGGTCGACAT
CGGACGCGATTCGGCACGATGTTAGCCGCAGCCATCAGCGGTCCAACCCGGATGACGTCACCACCCGGGC
CCCGGAGTGCGCCGGTAGCGTCGAGATCGACGCTACCGGCGCACTTTCGTG",No, -,Sequence co-ordinates are given in Table 2; GenBank accession number given in the article - NC_008769. Sequence extracted from the complete genome.
,,Bo81,"CCTCGCTGAACGAGGAGTGCCCGGCCGCGTTGACGATCGGCCGGACCACGACGCCGGGCTGGTCCATGGG
CACCAGCAGAAACGACAGGCCCCGGTG",No, -,Sequence co-ordinates are given in Table 2; GenBank accession number given in the article - NC_008769. Sequence extracted from the complete genome.
,,Bo96,"TCGGCGGGCGGAATCAACCAACCCCGCAGCAGACCGCATTCCAGCAGGTGCACCAACCACTCGGCATCCA
AGAGGTCGGTTTTGCGGCCCGGCCGTTCTTCACGTGCCCGGCATTGCACACCAGCAGCTCACTCGCCGTG
G",No, -,Sequence co-ordinates are given in Table 2; GenBank accession number given in the article - NC_008769. Sequence extracted from the complete genome.
,,Bo130,"ACGACCTCCTCAGCAACCCATACCGATACTACGGACCTGACACCGACGGGGCCAGCTCCGGGGAACGCGG
CTCACCCAGAGCCAAGGCTTCCGAACGGGTTCTGCGGTTCGCCGGCACCCGGATTTTGC",No, -,Sequence co-ordinates are given in Table 2; GenBank accession number given in the article - NC_008769. Sequence extracted from the complete genome.
,,Bo13,"GCACTTCCTCCCACACCATGGCCGCTAGTCAACCATCTATAGGCTCCGGGCCCACATGCTGGCTGTCGCG
GGCACCGCGAACCGCCGGAGCCGGCGAGTAGACGCGAAAGAACATGATGGGCGCTGGTGCCCATCAT",No, -,Sequence co-ordinates are given in Table 2; GenBank accession number given in the article - NC_008769. Sequence extracted from the complete genome.
,,Bo29,"CGCGCTGGTTCACGCTTCGTGATCGCCGCTGTGCTCGTCCTTCAACACCTTGCCGTCGTGTCGAATCGTG
CGTACCCGCATGGATCCGTCGTGGTAGAAAGCCGGATTTCGCGGCAGCCGCAGGAAAACTTGAGGTCGCC
GTAGGCAAGGCCTTCGTCGTCGCGCTCGATGTGGTGATCGCCGTCAACCATGTGCCCGCAGGGCGCT",No, -,Sequence co-ordinates are given in Table 2; GenBank accession number given in the article - NC_008769. Sequence extracted from the complete genome.
218,24006424,miR156,UGACAGAAGAGAGUGAGCAC,No,-,Sequence extracted from Table 3
,,miR166,UCGGACCAGGCUUCAUUCCCC,No,-,Sequence extracted from Table 3
,,miR319,UUGGACUGAAGGGAGCUCCCU,No,-,Sequence extracted from Table 3
220,24251069,-,-,-,-,Review article; Relevant back citations given PMID:23324552; PMID:21422074; PMID:9367744; PMID:23459128; PMID:11322821; PMID:22434880; PMID:3019679; PMID:18761622; PMID:23109916; PMID:23739522; PMID:17678530; PMID:20345661; PMID:21336656; PMID:22515815
221,24217225,-,-,-,-,Review article; Relevant back citations given PMID:9781871; PMID:21760622; PMID:9211896; PMID:12694612; PMID:11567002; PMID:12193630; PMID:15636743; PMID: 15126453; PMID:16262799; PMID:16286659; PMID:23666921; PMID:19602144; PMID:16468994